1,Outdoors,Tent
2,Outdoors,Sleeping Gear
3,Outdoors,Backpacks
4,Outdoors,Cooking Equipment
5,Outdoors,Lighting
6,Outdoors,Hiking Accessories
7,Outdoors,Emergency Supplies
8,Party Supplies,Balloons
9,Party Supplies,Banners & Signs
10,Party Supplies,Party Favors
11,Food & Drink,Candy
12,Food & Drink,Snacks
13,Tableware,Plastic Cutlery
14,Party Supplies,Games & Activities
15,Aquatics,Games & Activities
16,Aquatics,Swim Accessories
17,Aquatics,Swim Suits
18,Seasonal,Halloween Costumes
19,Seasonal,Pumpkin Carving Kits
20,Clothing,Formal Wear
21,Clothing,Women's Shoes
22,Food & Drink,Soft Drinks
23,Arts & Crafts,Paint
24,Arts & Crafts,Brushes & Tools
25,Arts & Crafts,Sketchbooks & Pads
26,Electronics,Gaming Consoles
27,Electronics,Computers & Monitors
28,Electronics,Computer Accessories
29,Clothing,Men's Shoes